{
	"hud_text_score":  { "File": "Hud.png", "Rect": "38,0,40,12", "Center": "0,0" },
	"hud_text_time":  { "File": "Hud.png", "Rect": "0,12,1,7", "Center": "0,0" },
	"hud_text_time_red":  { "File": "Hud.png", "Rect": "40,12,1,1", "Center": "0,0" },
	"hud_text_rings":  { "File": "Hud.png", "Rect": "13,23,30,19", "Center": "5,25" },
	"hud_text_rings_red":  { "File": "Hud.png", "Rect": "13,42,30,18", "Center": "5,25" },
	"hud_text_ring":  { "File": "Hud.png", "Rect": "0,24,32,12", "Center": "0,0" },
	"hud_text_bonus":  { "File": "Hud.png", "Rect": "0,36,40,12", "Center": "0,0" },
	"hud_text_total":  { "File": "Hud.png", "Rect": "0,48,40,12", "Center": "0,0" },
	"hud_text_score_chaosstage":  { "File": "Hud.png", "Rect": "44,0,40,12", "Center": "0,0" },
	"hud_text_ring_chaosstage":  { "File": "Hud.png", "Rect": "44,12,32,12", "Center": "0,0" },
	"hud_text_bonus_chaosstage":  { "File": "Hud.png", "Rect": "44,24,40,12", "Center": "0,0" },
	"hud_text_perfect_chaosstage":  { "File": "Hud.png", "Rect": "44,36,56,12", "Center": "0,0" },
	"hud_text_continue_chaosstage":  { "File": "Hud.png", "Rect": "44,48,62,12", "Center": "0,0" },
	"hud_text_score_superstage":  { "File": "Hud.png", "Rect": "108,0,40,12", "Center": "0,0" },
	"hud_text_ring_superstage":  { "File": "Hud.png", "Rect": "108,12,32,12", "Center": "0,0" },
	"hud_text_bonus_superstage":  { "File": "Hud.png", "Rect": "108,24,40,12", "Center": "0,0" },
	"hud_text_perfect_superstage":  { "File": "Hud.png", "Rect": "108,36,56,12", "Center": "0,0" },
	"hud_text_continue_superstage":  { "File": "Hud.png", "Rect": "108,48,62,12", "Center": "0,0" },
	"hud_bonus_icon_blue":  { "File": "Hud.png", "Rect": "0,61,12,19", "Center": "0,0" },
	"hud_bonus_icon_orange":  { "File": "Hud.png", "Rect": "13,61,12,19", "Center": "0,0" },
	"hud_bonus_icon_red":  { "File": "Hud.png", "Rect": "26,61,12,19", "Center": "0,0" },
	"hud_smalldigit_0":  { "File": "Hud.png", "Rect": "42,27,8,12", "Center": "4,5" },
	"hud_smalldigit_1":  { "File": "Hud.png", "Rect": "50,27,8,12", "Center": "4,5" },
	"hud_smalldigit_2":  { "File": "Hud.png", "Rect": "58,27,8,12", "Center": "4,5" },
	"hud_smalldigit_3":  { "File": "Hud.png", "Rect": "66,27,8,12", "Center": "4,5" },
	"hud_smalldigit_4":  { "File": "Hud.png", "Rect": "74,27,8,12", "Center": "4,5" },
	"hud_smalldigit_5":  { "File": "Hud.png", "Rect": "82,26,8,12", "Center": "5,5" },
	"hud_smalldigit_6":  { "File": "Hud.png", "Rect": "90,27,8,12", "Center": "5,5" },
	"hud_smalldigit_7":  { "File": "Hud.png", "Rect": "98,27,8,12", "Center": "4,5" },
	"hud_smalldigit_8":  { "File": "Hud.png", "Rect": "106,26,8,12", "Center": "5,5" },
	"hud_smalldigit_9":  { "File": "Hud.png", "Rect": "114,26,8,12", "Center": "5,5" },
	"hud_digit_0":  { "File": "Hud.png", "Rect": "42,27,8,12", "Center": "30,21" },
	"hud_digit_1":  { "File": "Hud.png", "Rect": "50,27,8,12", "Center": "30,21" },
	"hud_digit_2":  { "File": "Hud.png", "Rect": "58,27,8,12", "Center": "30,21" },
	"hud_digit_3":  { "File": "Hud.png", "Rect": "66,27,8,12", "Center": "30,21" },
	"hud_digit_4":  { "File": "Hud.png", "Rect": "74,27,8,12", "Center": "30,21" },
	"hud_digit_5":  { "File": "Hud.png", "Rect": "82,26,8,12", "Center": "30,22" },
	"hud_digit_6":  { "File": "Hud.png", "Rect": "90,27,8,12", "Center": "30,21" },
	"hud_digit_7":  { "File": "Hud.png", "Rect": "98,27,8,12", "Center": "30,21" },
	"hud_digit_8":  { "File": "Hud.png", "Rect": "106,26,8,12", "Center": "30,22" },
	"hud_digit_9":  { "File": "Hud.png", "Rect": "114,26,8,12", "Center": "30,22" },
	"hud_digit_0_chaosstage":  { "File": "Hud.png", "Rect": "0,120,8,12", "Center": "0,0" },
	"hud_digit_1_chaosstage":  { "File": "Hud.png", "Rect": "8,120,8,12", "Center": "0,0" },
	"hud_digit_2_chaosstage":  { "File": "Hud.png", "Rect": "16,120,8,12", "Center": "0,0" },
	"hud_digit_3_chaosstage":  { "File": "Hud.png", "Rect": "24,120,8,12", "Center": "0,0" },
	"hud_digit_4_chaosstage":  { "File": "Hud.png", "Rect": "32,120,8,12", "Center": "0,0" },
	"hud_digit_5_chaosstage":  { "File": "Hud.png", "Rect": "40,120,8,12", "Center": "0,0" },
	"hud_digit_6_chaosstage":  { "File": "Hud.png", "Rect": "48,120,8,12", "Center": "0,0" },
	"hud_digit_7_chaosstage":  { "File": "Hud.png", "Rect": "56,120,8,12", "Center": "0,0" },
	"hud_digit_8_chaosstage":  { "File": "Hud.png", "Rect": "64,120,8,12", "Center": "0,0" },
	"hud_digit_9_chaosstage":  { "File": "Hud.png", "Rect": "72,120,8,12", "Center": "0,0" },
	"hud_char_colon":  { "File": "Hud.png", "Rect": "122,26,8,12", "Center": "30,21" },
	"hud_char_minutes":  { "File": "Hud.png", "Rect": "130,26,8,12", "Center": "30,18" },
	"hud_char_seconds":  { "File": "Hud.png", "Rect": "138,26,8,12", "Center": "30,18" },
	"continue_icon_sonic":  { "File": "Hud.png", "Rect": "0,82,20,24", "Center": "12,24" },
	"continue_icon_tails":  { "File": "Hud.png", "Rect": "20,82,20,24", "Center": "10,24" },
	"continue_icon_knuckles":  { "File": "Hud.png", "Rect": "40,82,20,24", "Center": "9,24" },
	"hud_lives_icon_sonic":  { "File": "Hud.png", "Rect": "3,130,33,16", "Center": "0,1" },
	"hud_lives_icon_tails":  { "File": "Hud.png", "Rect": "36,130,33,16", "Center": "0,1" },
	"hud_lives_icon_knuckles":  { "File": "Hud.png", "Rect": "69,130,33,16", "Center": "0,1" },
	"hud_lives_icon_slot1":  { "File": "Hud.png", "Rect": "102,130,33,16", "Center": "0,1" },
	"hud_lives_icon_slot2":  { "File": "Hud.png", "Rect": "3,147,33,16", "Center": "0,1" },
	"hud_lives_icon_slot3":  { "File": "Hud.png", "Rect": "36,147,33,16", "Center": "0,1" },
	"hud_lives_icon_slot200":  { "File": "Hud.png", "Rect": "69,147,33,16", "Center": "0,1" },
	"hud_lives_icon_slot168":  { "File": "Hud.png", "Rect": "102,147,33,16", "Center": "0,1" },
	"hud_lives_icon_slot67":  { "File": "Hud.png", "Rect": "3,164,33,16", "Center": "0,1" },
	"hud_lives_icon_slot5":  { "File": "Hud.png", "Rect": "36,164,33,16", "Center": "0,1" },
	"hud_lives_icon_slot101":  { "File": "Hud.png", "Rect": "69,164,33,16", "Center": "0,1" },
	"hud_lives_icon_slot64":  { "File": "Hud.png", "Rect": "102,164,33,16", "Center": "0,1" },
	"hud_lives_icon_slot89":  { "File": "Hud.png", "Rect": "3,181,33,16", "Center": "0,1" },
	"hud_lives_icon_slot72":  { "File": "Hud.png", "Rect": "36,181,33,16", "Center": "0,1" }
}